;;;;;;;;;;;;;;;;;;x;;;;;;;;;;;;;;;;;;;;;;x;;;;
SRD;Sardinia;;;;;;;;;;;;;;;;;;;;;;;x;;;;
GEN;Genoa;;;;;;;;;;;;;;;;;;;;;;;x;;;;
PIE;Piedmont;;;;;;;;;;;;;;;;;;;;;;;x;;;;
LBY;Lombardy;;;;;;;;;;;;;;;;;;;;;;;x;;;;
MDT;Modena-Tuscany;;;;;;;;;;;;;;;;;;;;;;;x;;;;
SRD_ADJ;Sardinian;;;;;;;;;;;;;;;;;;;;;;;x;;;;
GEN_ADJ;Genoan;;;;;;;;;;;;;;;;;;;;;;;x;;;;
PIE_ADJ;Piedmontese;;;;;;;;;;;;;;;;;;;;;;;x;;;;
LBY_ADJ;Lombardian;;;;;;;;;;;;;;;;;;;;;;;x;;;;
MDT_ADJ;Modena-Tuscan;;;;;;;;;;;;;;;;;;;;;;;x;;;;
GEN_conservative;Moderati;;;;;;;;;;;;;;;;;;;;;;;x;;;;
GEN_liberal;Riformisti;;;;;;;;;;;;;;;;;;;;;;;x;;;;
GEN_socialist;Socialisti;;;;;;;;;;;;;;;;;;;;;;;x;;;;
GEN_reactionary;Reazionario;;;;;;;;;;;;;;;;;;;;;;;x;;;;
